sensor_type,min_value,max_value,avg_value,value
co2,300.91,799.26,545.7511156022636,1031.58
humidity,30.04,89.98,60.24595879556259,990.08
invalid_sensor,25.0,25.0,25.0,656.83
light,0.04,999.57,515.5538311688312,994.6
motion,0.0,50.0,24.59852820932134,961.35
pressure,950.08,1049.97,999.8319457364341,70.06
sound,20.1,119.83,68.56241632653062,956.3
temperature,10.02,39.97,25.14576377952756,1042.35
voc,100.15,499.52,297.6849089469517,1040.98
